0 Qjrkra Tplunj,4539884268
0 Qjrkra Tplunj,3189595403
0 Qjrkra Tplunj,7306755311
1 Fuhhi Mjgsv,5597312937
1 Fuhhi Mjgsv,9695441984
1 Fuhhi Mjgsv,1528206323
2 Tci Wzz,0508497954
2 Tci Wzz,2426570500
2 Tci Wzz,4527229905
3 Hcpbok Wtzgov,4864134171
3 Hcpbok Wtzgov,6660650351
3 Hcpbok Wtzgov,5623612154
4 Svqcm Uwrfb,5097668121
4 Svqcm Uwrfb,8863775822
4 Svqcm Uwrfb,3473057249
5 Axhrze Xqcxwq,7156840097
5 Axhrze Xqcxwq,9274021903
5 Axhrze Xqcxwq,0749349379
6 Kwjyu Fizof,2519532657
6 Kwjyu Fizof,6415076365
6 Kwjyu Fizof,5275698121
7 Hojej Iybhr,7004080347
7 Hojej Iybhr,1946556687
7 Hojej Iybhr,1756507592
8 Cymgwqm Yjdfabf,5154155803
8 Cymgwqm Yjdfabf,5122276312
8 Cymgwqm Yjdfabf,5670681909
9 Hob Vdm,8552086403
9 Hob Vdm,2554133313
9 Hob Vdm,6237219926
10 Bfhvlxr Jrfhtkw,8711859007
10 Bfhvlxr Jrfhtkw,4185659988
10 Bfhvlxr Jrfhtkw,6471390744
11 Ivy Lzz,6343974539
11 Ivy Lzz,4495252491
11 Ivy Lzz,4871314108
12 Zzbqz Kisib,4099342955
12 Zzbqz Kisib,5358883293
12 Zzbqz Kisib,9684014712
13 Wbjx Qipd,5741239083
13 Wbjx Qipd,9347188537
13 Wbjx Qipd,8734092093
14 Uqaripd Rracilq,5562031867
14 Uqaripd Rracilq,0711672598
14 Uqaripd Rracilq,2693506345
15 Imji Xwfp,1538667392
15 Imji Xwfp,5963128383
15 Imji Xwfp,8352546894
16 Irxa Bprf,4306239412
16 Irxa Bprf,4409124815
16 Irxa Bprf,7789851511
17 Tyy Vyd,2285657562
17 Tyy Vyd,2437325203
17 Tyy Vyd,6747813052
18 Peyu Bryu,8624118372
18 Peyu Bryu,3282870933
18 Peyu Bryu,6516172696
19 Dwnrh Hvegs,3486268313
19 Dwnrh Hvegs,2640942859
19 Dwnrh Hvegs,7438913515
20 Jndrxh Hlyxny,3309584678
20 Jndrxh Hlyxny,2583134681
20 Jndrxh Hlyxny,0165126311
21 Smgssww Ezjaezj,9428258325
21 Smgssww Ezjaezj,6622736302
21 Smgssww Ezjaezj,9282213592
22 Xiyze Gtlyg,6288944448
22 Xiyze Gtlyg,6868073785
22 Xiyze Gtlyg,2958072148
23 Uiwgre Iskigg,0619988627
23 Uiwgre Iskigg,1308534637
23 Uiwgre Iskigg,8292662708
24 Xeq Wvb,0190242207
24 Xeq Wvb,8817637093
24 Xeq Wvb,2652408235
25 Fkzryfn Anlxvgo,4394249123
25 Fkzryfn Anlxvgo,7249599362
25 Fkzryfn Anlxvgo,0872371829
26 Gaa Pmc,6989613683
26 Gaa Pmc,7119498645
26 Gaa Pmc,7208502750
27 Jwajuh Mahnhl,2434598283
27 Jwajuh Mahnhl,4685852804
27 Jwajuh Mahnhl,0491377193
28 Nxz Zam,8941321006
28 Nxz Zam,3067338485
28 Nxz Zam,3946108696
29 Btsut Gxnmj,4383831219
29 Btsut Gxnmj,5334454150
29 Btsut Gxnmj,5484794029
0 Tyiqs Jaiux,3309863136
1 Lmiy Nrlb,6362714490
2 Mjuobyo Wvfeztq,2779877139
3 Snm Hbl,1010514624
4 Bbjlu Qobzh,2543199960
5 Tjqio Tyobr,0803820923
6 Zqbwtsf Axktgad,9767017833
7 Pdejeai Wbhswms,5839780448
8 Nlv Kuy,6177036899
9 Fpma Ozzr,6030000560
10 Eklh Wrps,8636169188
11 Tuehf Krdcv,9668576762
12 Ynjdz Okctr,1934688509
13 Cxn Hjl,2151625171
14 Tstrko Xgwxgi,7744409943
15 Axolmdk Mzffqrw,1369518252
16 Lejmrj Oozzad,9702621855
17 Aos Irj,9535572890
18 Aadlp Hgmdr,2289917385
19 Jwbyhlz Glxgmct,1975698077
20 Ijrokda Gfapszv,2476249145
21 Tlcmgvx Rmnbqpj,1667991689
22 Vjivwh Qjlerh,5535218446
23 Cosxi Qncny,4628831366
24 Hkx Uxe,2044620363
25 Dmw Pxs,3775063195
26 Blsvvv Mhnuso,3514363820
27 Jnh Ocp,0603346627
28 Wpjs Ieaa,3505754298
29 Sobihk Yvsyqn,3239871026
30 Fryzy Bmgtc,3585495605
31 Icmyfbr Cbvhttj,3811957752
32 Rszrtx Zvjzcn,4824073922
33 Arvjm Fnjyf,5326895560
34 Kvy Yef,7539199216
35 Bwnklps Dnlsrsc,5384581233
36 Wqzoof Rmubzj,3802892177
37 Vnlyphz Xdpytfd,0353838653
38 Zxs Urx,7853583856
39 Roybjyr Cjbyswr,1655134188
40 Kpph Xkyn,6812533238
41 Rhpc Xeld,1119128706
42 Bhzyrs Zlnzzg,2470372905
43 Zdb Mcr,6921531586
44 Tvs Jdp,2146041060
45 Kew Wgr,4387863164
46 Lxfp Gxba,8954120834
47 Aqxkrdq Mysgoee,3126176042
48 Cmzlpl Lfixxo,0784626450
49 Mfzybr Hwwtwj,6734461260
50 Vwz Hwu,1322837064
51 Juj Sfg,6737919048
52 Sqx Jbg,2699875001
53 Ihgq Gjno,6581539986
54 Cunre Dyjtr,1856822198
55 Sit Bfw,3002617434
56 Spnfjp Zmhczm,2911242692
57 Npqgl Zcjrt,9950035441
58 Imeqv Ovebi,2822579026
59 Phxo Assx,0994995264
60 Ymdy Mgxt,6688911500
61 Bahg Qddc,1002283709
62 Qji Mpo,7737912196
63 Mirb Enfy,7418322088
64 Ijzwfyx Bvgimsq,4781029469
65 Wpeqjib Sjxzhub,6572556550
66 Rhmdq Fbfju,4132046169
67 Rwgpzek Wwhndvt,1324800233
68 Hjwyu Npstg,5027208495
69 Yuy Nko,7631569567
